名前,08:00,08:30,09:00,09:30,10:00,10:30,11:00,11:30,12:00,12:30,13:00,13:30,14:00,14:30,15:00,15:30,16:00,16:30,17:00,17:30,18:00,18:30,19:00,19:30,20:00,20:30,21:00,21:30,22:00
長谷川蒼真,,,,,,,,,,,,,,,準備,準備,準備,,,,,,,,,,,,
小林なんえい,準備,準備,準備,準備,準備,準備,準備,準備,準備,準備,準備,準備,準備,準備,準備,準備,準備,準備,準備,準備,準備,準備,準備,準備,準備,準備,,,
中村虎之助,,,,,準備,準備,準備,準備,準備,準備,,,,,,,,,,,,,,,,,,,
吉岡杏奈,,,,,準備,準備,準備,準備,準備,準備,準備,準備,準備,準備,準備,準備,準備,準備,準備,準備,,,,,,,,,
村上悠生,,,,,,,,,,,,,,,準備,準備,準備,準備,準備,準備,準備,準備,準備,準備,準備,準備,,,
山本きた,,,,,,,,,,,準備,準備,準備,準備,準備,準備,準備,準備,準備,準備,準備,準備,準備,準備,準備,準備,,,
前田奏太,,,,,準備,準備,準備,準備,準備,準備,準備,準備,準備,準備,準備,準備,準備,準備,準備,準備,準備,準備,準備,準備,準備,準備,,,
藤田七海,,,,,準備,準備,準備,準備,準備,準備,準備,準備,準備,準備,準備,準備,準備,準備,準備,準備,準備,準備,準備,準備,準備,準備,,,
福田陽向,,,,,,,,,,,,,,,準備,準備,準備,準備,準備,準備,準備,準備,準備,準備,準備,準備,,,
たなか風蔵,,,,,,,準備,準備,準備,準備,準備,準備,準備,準備,,,,,,,,,,,,,,,
清水凛,準備,準備,準備,準備,準備,準備,準備,準備,準備,準備,準備,準備,準備,準備,準備,準備,準備,準備,準備,準備,準備,準備,準備,準備,準備,準備,,,
田辺紗季,,,,,,,,,準備,準備,準備,準備,準備,準備,準備,準備,準備,準備,,,,,,,,,,,
関口蒼,準備,準備,準備,準備,準備,準備,準備,準備,準備,準備,準備,準備,準備,準備,準備,準備,準備,準備,準備,準備,準備,準備,準備,準備,準備,準備,,,
杉山美月,,,,,,,,,,,,,,,準備,準備,準備,準備,準備,準備,準備,準備,準備,準備,準備,準備,,,
森田咲良,準備,準備,準備,準備,準備,準備,準備,準備,準備,準備,準備,準備,準備,準備,準備,準備,準備,準備,準備,準備,準備,準備,準備,準備,準備,準備,,,
小泉優奈,,,,,準備,準備,準備,準備,準備,準備,準備,準備,準備,準備,準備,準備,準備,準備,準備,準備,準備,準備,準備,準備,準備,準備,,,
黒田湊,,,,,準備,準備,準備,準備,準備,準備,準備,準備,準備,準備,準備,準備,準備,準備,準備,準備,準備,準備,準備,準備,準備,準備,,,
橋本千尋,,,,,,,,,準備,準備,準備,準備,準備,準備,準備,準備,準備,準備,準備,準備,準備,準備,準備,準備,準備,準備,,,
久保彩花,,,,,,,,,準備,準備,準備,準備,準備,準備,準備,準備,準備,準備,準備,準備,準備,準備,準備,準備,準備,準備,,,
上田颯太,,,,,,,,,,,,,,,,,,,準備,準備,準備,準備,準備,準備,準備,準備,,,
片山葵,,,,,,,,,,,準備,準備,準備,準備,準備,準備,準備,準備,準備,準備,,,,,,,,,
奥村蓮,,,,,,,,,,,,,,準備,準備,準備,準備,準備,,,,,,,,,,,
大野美咲,,,,,,,,,,,,,,準備,準備,準備,準備,準備,,,,,,,,,,,
石井結衣,,,,,,,,,準備,準備,準備,準備,準備,準備,準備,準備,準備,準備,準備,準備,,,,,,,,,
高木琴音,準備,準備,準備,準備,準備,準備,準備,準備,準備,準備,準備,準備,準備,準備,準備,準備,準備,準備,準備,準備,準備,準備,準備,準備,準備,準備,,,
